1,Sophia
2,Olivia
3,Emma
4,Ava
5,Isabella
6,Jackson
7,Liam
8,Noah
9,Aiden
10,Lucas
11,Mia
12,Aria
13,Riley
14,Zoe
15,Amelia
16,Caden
17,Grayson
18,Mason
19,Elijah
20,Logan
21,Layla
22,Charlotte
23,Aubrey
24,Lily
25,Chloe
26,Oliver
27,Ethan
28,Jayden
29,Muhammad
30,Carter
31,Harper
32,Evelyn
33,Adalyn
34,Emily
35,Abigail
36,Michael
37,Sebastian
38,Alexander
39,Jacob
40,Benjamin
41,Madison
42,Aaliyah
43,Avery
44,Ella
45,Scarlett
46,James
47,Ryan
48,Matthew
49,Daniel
50,Jayce
51,Maya
52,Mila
53,Nora
54,Camilla
55,Arianna
56,Mateo
57,Caleb
58,Luke
59,Julian
60,Jack
61,Eliana
62,Hannah
63,Leah
64,Ellie
65,Kaylee
66,William
67,Wyatt
68,Gabriel
69,Connor
70,Henry
71,Kinsley
72,Hailey
73,Madelyn
74,Paisley
75,Elizabeth
76,Isaiah
77,Isaac
78,Owen
79,Levi
80,Cameron
81,Addison
82,Isabelle
83,Anna
84,Sarah
85,Brooklyn
86,Nicholas
87,Josiah
88,Lincoln
89,Dylan
90,Samuel
91,Mackenzie
92,Victoria
93,Luna
94,Penelope
95,Grace
96,John
97,Nathan
98,Leo
99,David
100,Adam
